Range1 Start,Range1 End,Range2 Start,Range2 End,Knot Size,ct file/species
,,,,,./fold_files/bacteroides_acidifaciens.ct
811,816,1118,1123,5
993,998,1308,1313,5
1118,1124,1338,1344,6
,,,,,./fold_files/bacteroides_caccae.ct
302,307,1288,1293,5
,,,,,./fold_files/bacteroides_fragilis.ct
300,305,1288,1293,5
616,621,650,655,5
1147,1153,1287,1293,6
,,,,,./fold_files/bacteroides_xylanisolvens.ct
811,816,1119,1124,5
1119,1125,1339,1345,6
,,,,,./fold_files/bacteroides_uniformis.ct
51,56,944,949,5
,,,,,./fold_files/bacteroides_thetaiotaomicron.ct
183,188,1319,1324,5
219,224,990,995,5
477,482,1243,1248,5
1082,1087,1447,1452,5
,,,,,./fold_files/bacteroides_faecis.ct
,,,,,./fold_files/bacteroides_intestinalis.ct
440,445,833,838,5
471,476,1273,1278,5
,,,,,./fold_files/bacteroides_stercoris.ct
217,222,988,993,5
214,219,1020,1025,5
219,224,1277,1282,5
,,,,,./fold_files/bacteroides_pyogenes.ct
165,171,1022,1028,6
265,270,1119,1124,5
1120,1125,1340,1345,5
,,,,,./fold_files/bacteroides_finegoldii.ct
1147,1153,1287,1293,6
,,,,,./fold_files/bacteroides_eggerthii
1117,1123,1337,1343,6
,,,,,./fold_files/bacteroides_cellulosilyticus.ct
213,218,984,989,5
440,445,833,838,5
562,567,807,812,5
987,992,1303,1308,5
1112,1117,1478,1483,5
,,,,,./fold_files/bacteroides_salyersiae.ct
15,20,778,783,5
14,19,1292,1297,5
213,218,984,989,5
562,567,807,812,5
987,992,1303,1308,5
